CD_PESSOA_FISICA;NM_PESSOA_PESQUISA
124178;CRISTIANE D'ÁVILA GOMES
210335;ADRIELLE RAIANE DE CHAVES
201572;JOELMA MARCIELLE LEON PENEDO
131851;LENI DELGADO DE FURTADO
178284;ANTONIETA MEL DELGADO
200759;NOEL ARANDA D'ÁVILA
173;ADÔNIS LEOPOLDO CARMONA FARIA DE GARCIA
160;VITÓRIA RUTE DOMINGUES
53808;ISADORA HELENA CHAVES
212287;PAULO SANDRO CARMONA
1436;ISABEL MAITÊ ÁVILA FERRAZ
11771;ISAC GOMES RIVERA
160066;LAURA DOMINATO PONTES
8610;FAGNER NELSON DELVALLE MARTINES
44950;CATARINA YOLANDA ARAGÃO MENDONÇA
122755;KARINA MARCIELLE FERMINIANO FONTES
55203;BEATRIZ ROSE MONTENEGRO OLIVEIRA ESTRADA
150758;SIMON CAMACHO
85813;BEATRIZ VITÓRIA GUERRA DE MARTINES
48333;MANOEL VINÍCIUS BARRETO DELGADO FONTES
18620;LVRYWQ 96943424177177538
97203;DANILO LEO ASSUNÇÃO JR.
96005;MARLI PAULA RICO SERRANO
25750;MAXIMIANO AGUIAR DO ESPÍRITO SANTO
186649;JÁCOMO SILVAIR BEZERRA
16013;DENIS MARCO DE FURTADO NETO
201374;MANUELA ARAGÃO
334;IRENE MEIRE BARRETO FELICIANO
197768;CAUÊ LUIZ CAMPOS
126449;SILVANA MARLI BEZERRA DE FARO
207445;IVANA MALENA DE FONTES
159214;HUGO EDINALDO AGUIAR
205395;KETLIN ARAGÃO DE DOMINGUES
71267;HUGO AGUIAR
135771;LUZIMARA QUITÉRIA GOMES RAMOS BUARQUE
8140;ALEXANDRE WASHINGTON DE BURGOS
37169;ROBSON DOMINATO DE PONTES
134684;ANNE ASSUNÇÃO DE ARAÚJO
15644;AGUSTINA ORNELA SANCHES DE TAMOIO
170937;ANA WANDA MARTINES DE CARDOZO
153815;MAGALI SAMARA FELICIANO GUERRA FONTES
137246;EDIVALDO EDUARDO DE AZEVEDO
23427;JOÃO ÁUREO BITTENCOURT CAMACHO DE ASSUNÇÃO
200996;ARTUR BELTRÃO DE BORGES
290;SILVANA FELICIANO DE ARAÚJO
160115;LIANE VALÉRIA DE FONSECA
287;ALISSON JEFERSON CERVANTES JR.
18902;HAMILTON OSÓRIO DE D'ÁVILA JR.
112561;VALÉRIA CERVANTES DE CERQUEIRA
196728;OTAVIANO VINÍCIUS DE AGUIAR
295;DIONÍSIO FONTES DE CHAVES
181409;GISELE PAULA DE CORREIA
193929;CAMILO MARÉS SOBRINHO
190328;HÉRCULES MONTENEGRO SOBRINHO
124988;TELMA WILMA BITTENCOURT
252;EDUARDO XERXES BURGOS MASCARENHAS
23134;ELIEL HÉLIO BONILHA GOMES
19358;LAURA FRANCO LOVATO
201324;SIMON BEZERRA
157535;DENISE CORDEIRO DE GODÓI
190498;DENIS OTÁVIO DE ARANDA NETO
21009;MARCIANE SHIRLEY CAMPOS
205397;ALTAIR LUCAS CHAVES SANTIAGO DE OLIVEIRA
86046;SIMÃO FLÁVIO ABREU DE ALVES
69478;AARON JOEL LOZANO
145534;CAUÊ JOSÉ BARRETO DE ESTEVES
129357;EVELYN GRAZIELE ABREU CASTELO
193327;KARINA MIRELA CAMACHO DUARTE DE CARDOSO
206095;CAMILA TÂNIA CAMACHO
188068;DIEGO JULIANO DE FONSECA
142712;DAVID ROGER BRANCO
25942;GIOVANA LISA DE CRUZ
199465;GRAZIELE NAYARA BEZERRA BARROSO
2151;EMÍLIA AGUIAR
20177;EDINALDO SÍLVIO CERVANTES DE GALHARDO
326;CLÉBER BELTRÃO MENDES
185319;DANTE HERNANI BEZERRA
108091;LUIS ABREU DE LISBOA
195438;ELOÁ ARAGÃO DE BELTRÃO
185476;MATILDE SAMANTA BALESTERO DE FARIA
335;ARIADNA CAMILA AZEVEDO DE GONÇALVES
272;FÉLIX REZENDE
143997;ARMANDO MEIRELES DE PARANHOS
49283;CARLOS DELGADO DE MORAIS
195250;CAMILO CRUZ DE MIRANDA
345;HUGO CARMONA DE PINHEIRO
211417;FABÍOLA MARA CHAVES CRUZ
212668;CHICO PLÍNIO FELICIANO SOBRINHO
98943;GUSTAVO DIAS RIVERA
190390;JOSIANE MEDINA DE PACHECO
185355;ISAIANE DOMINGUES DA LUZ
160116;CLEBERSON BITTENCOURT DO NASCIMENTO
178269;ALANA FABÍOLA DE LIRA
153;NATAL MIKE MASCARENHAS RIBEIRO
64081;AVELINO CARMONA ESCOBAR
91819;JÂNIO FELICIANO RODRIGUES
116621;FERNANDO HUGO FARIA
200353;CRISTIANO SÍLVIO BALESTERO DE RIOS
178;GIGI AGUIAR DE MENDES
265;CÁSSIA SELMA DE CORTÊS
218312;LILI CORDEIRO QUEIRÓS
128936;JOÃO IVAN COLAÇO CÂMARA
182687;FRANCISCO MARTIN BARROS CASTELO BRANCO
191286;ARIANA ÂNGELA DOMINGUES FARIA DE MADUREIRA
112559;ELPOLA 28412066360275807
143315;DAVID OLIVER DE BELTRÃO
341;THALES ORLANDO MEDINA RIVERA DE AZEVEDO
107833;ADRIANA FLÁVIA DE CALDEIRA
176364;OMAR BATISTA DE CERQUEIRA
306;THIAGO TOMÁZ GIL GUERRA DE CABRAL
288;CECÍLIA MARIANA DELATORRE PRETO
14189;MAGALI TÁBATA FRANCO LOVATO DE MACHADO
195;EVERTON BEZERRA
151612;EDINALDO JESUS FARIA ESPADA
232;RAFAEL JACKSON DE FLORES
85853;ADRIANA CLEUZA QUEIRÓS DE MUNIZ
454;AARON JOÃO DE CORDEIRO
183;EVERALDO MATHEUS AGUIAR COLAÇO DE DUARTE
179701;MARCELA TELMA ESTEVES DE MATIAS
147;ALDO EDSON DE AZEVEDO FILHO
78816;BENJAMIN MARTINHO DE GALHARDO NETO
14759;FÁBIO SILVAIR CHAVES FARO
211004;BÁRBARA COLAÇO DE FERREIRA
328;MATIAS CAMACHO JR.
100926;RAFAELA FONSECA
205398;EULÁLIA NÁDIA BELTRÃO DE BARBOZA
199685;AARON JORGE FONSECA FRIAS
168;FREDERICA MARISA GASPAR BELÉM
146205;LAIS ALINNE SIMÕES
70982;ADRIEN JÚLIO ALVES GUILHEIRO
131778;ISMAEL JONAS CAIRES CARQUEIJEIRO
145649;ANA LARA RAMOS
53298;DAVID LAGOA PINTO
105515;MARGARIDA JESUS AVEIRO
75736;FATIMA MAIA CAFÉ
43151;ANTÓNIO MATEUS REIS
64481;RAYSSA LEAL MEIRELES
145650;EMA KELLY CAETANO DUARTE NEGROMONTE
221;ANDRÉ CARMO
1746;AALIYAH PAIVA DE ADÃO
251;MATILDE ANDREIA CALADO
212114;GUILHERME ÁLVARO DE CARLOS
254;GUIOMAR DIANNA CACHOEIRA MONTENEGRO MOURÃO
214277;PEDRO ANTUNES ÁVILA
139587;MATHILDE VANDA COVILHÃ DE LESSA
93771;MATILDE ALICIA DE PALMA
